{
  "per_class": {
    "background": {
      "iou": 0.9654180085714493,
      "dice": 0.9824047651554354,
      "precision": 0.9933403104981918,
      "recall": 0.9717073738044297,
      "f1": 0.9824047651549357,
      "gt_pixels": 32519604
    },
    "crack_type": {
      "iou": 0.42098160871238427,
      "dice": 0.592522248185535,
      "precision": 0.4721489306897481,
      "recall": 0.7952761231820212,
      "f1": 0.5925222481852142,
      "gt_pixels": 1034828
    }
  },
  "miou": 0.42098160871238427,
  "mdice": 0.592522248185535,
  "mprecision": 0.4721489306897481,
  "mrecall": 0.7952761231820212,
  "mf1": 0.5925222481852142,
  "pixel_accuracy": 0.9662661850452433,
  "ignore_index": 0,
  "averaged_classes": [
    "crack_type"
  ],
  "missing_in_gt": [],
  "confusion_matrix": [
    [
      31599539,
      920065
    ],
    [
      211854,
      822974
    ]
  ]
}