{
  "best_epoch": 10,
  "craq_iou": 0.5192839336954624,
  "craq_f1": 0.6835903706720193,
  "precision": 0.6814838178563025,
  "recall": 0.6857099871123046,
  "train_loss": 0.2910199571669716
}