{
  "best_epoch": 28,
  "craq_iou": 0.5500083871985438,
  "craq_f1": 0.7096844013761999,
  "precision": 0.6735688239387613,
  "recall": 0.7498923101047521,
  "train_loss": 0.1666802511643819
}