{
  "best_epoch": 22,
  "craq_iou": 0.5741738272186303,
  "craq_f1": 0.7294922800655684,
  "precision": 0.7452413878878152,
  "recall": 0.7143950447662899,
  "train_loss": 0.18942932928576298
}