{
  "per_class": {
    "background": {
      "iou": 0.9761951870992706,
      "dice": 0.9879542197774142,
      "precision": 0.9899000701006273,
      "recall": 0.9860160043769295,
      "f1": 0.9879542197769143,
      "gt_pixels": 32519604
    },
    "crack_type": {
      "iou": 0.47508025741484855,
      "dice": 0.6441415713167105,
      "precision": 0.6087885239911317,
      "recall": 0.6838537418781828,
      "f1": 0.6441415713163741,
      "gt_pixels": 1034828
    }
  },
  "miou": 0.47508025741484855,
  "mdice": 0.6441415713167105,
  "mprecision": 0.6087885239911317,
  "mrecall": 0.6838537418781828,
  "mf1": 0.6441415713163741,
  "pixel_accuracy": 0.9766972362995154,
  "ignore_index": 0,
  "averaged_classes": [
    "crack_type"
  ],
  "missing_in_gt": [],
  "confusion_matrix": [
    [
      32064850,
      454754
    ],
    [
      327157,
      707671
    ]
  ]
}