{
  "model": "ResUNet (smp.Unet resnet50)",
  "arch": "unet",
  "epoch": 48,
  "precision": 0.6107006802468092,
  "recall": 0.8083845028198896,
  "iou": 0.5334760276075654,
  "f1": 0.6957735471606762,
  "params_M": 32.5,
  "stage": "1-stage"
}